"ID","Red","Green","Blue","NGRDI","BGI","GLI","BI","SI","VARI","objArea","objNumCell","naNumCell"
1,94.9227432908647,120.011114123069,69.597180807807,0.124255090392992,0.566734807590421,0.196643818484777,97.2729028755328,0.162618307336703,0.180642875325206,0.18531169940222,3689,19907
10,94.4398734177215,114.254068716094,66.5684900542496,0.101797714531565,0.56596154889688,0.184224822624144,94.020958756452,0.186284426348806,0.146540269328371,0.22237860661506,4424,19894
100,92.7761127264594,113.591142921047,64.1702080071572,0.106084833223421,0.55438478852166,0.190423722884943,92.6081647753807,0.190450323217248,0.151830123763776,0.224729831615984,4471,19895
101,89.1895223420647,113.625064201335,63.6040061633282,0.126068028715363,0.54775479875067,0.204572099820725,91.3175944202284,0.177607496229865,0.180526277247188,0.293561843493994,5841,19897
102,93.2504391468005,114.124466750314,65.3116687578419,0.10828333585029,0.554496535050745,0.19222011785624,93.3041968409055,0.190747553148929,0.154383512771762,0.200110475042684,3985,19914
103,85.8531783236452,112.499156197262,66.4873429589349,0.143502675430136,0.572253083718595,0.206053158005846,90.5193443000223,0.141106731344596,0.210546370175337,0.268084250741467,5333,19893
104,78.3810986628117,105.629562703289,57.4154318756776,0.155286746197389,0.529414698056414,0.228137691622596,83.0756618506751,0.166191681335566,0.221432105677225,0.278202292378846,5534,19892
105,90.7990603541742,113.901698590531,69.2137694253704,0.118565037107017,0.595132518720023,0.183361790117003,93.2768016741148,0.143752825371125,0.17616497139744,0.277978702029335,5534,19908
106,92.0015148236313,113.22181346029,69.4239342133737,0.110701626043459,0.592721650929697,0.18031623640866,93.4884029616426,0.156212821137413,0.163176182564802,0.232117741611412,4621,19908
107,98.1294810058855,119.03317281969,70.6003210272873,0.101680663591523,0.578958335249176,0.179584963995544,98.1421728532329,0.174748387436831,0.147805904040275,0.281886280227238,5607,19891
108,95.4250653791994,118.622611144639,72.7475357071012,0.114048598427603,0.600316295230234,0.179032035582476,97.582864196259,0.143960395168534,0.16983104854068,0.250012573555298,4971,19883
109,96.2008698015765,129.304974177766,78.0421310138625,0.163648147014054,0.575990300281378,0.217256759229799,103.754888633353,0.122937007533101,0.239960501094235,0.369841668760995,7358,19895
11,91.0256039644848,113.674375387157,65.4340284947347,0.11798949484759,0.559263641155076,0.196047160942157,92.393551146125,0.176722101284906,0.169896003679433,0.243269037572835,4843,19908
110,94.7254455312877,130.271606592523,75.5690740988879,0.174116641108118,0.555335225987472,0.23054078892715,103.101264265275,0.129744680742118,0.252038878358535,0.375100522718134,7463,19896
111,97.2431638418079,131.725423728814,77.519209039548,0.163691069951073,0.567650663388105,0.219539857268504,104.920807292583,0.126389539099794,0.239451273762678,0.444745967134027,8850,19899
112,97.9538312787044,126.889533478366,75.834179357022,0.141064534281961,0.573278612677016,0.204871291592229,102.696187138155,0.144599701517728,0.205863341648506,0.207868555924028,4137,19902
113,103.969260954872,131.707488554611,80.1299869195553,0.129171460692456,0.584833038375003,0.194222738570054,107.667340690222,0.146942884542155,0.188771186962187,0.307367574630616,6116,19898
114,95.3190497669523,125.654638400241,72.6579461735077,0.149034384485204,0.556779099483898,0.215351056679457,100.559294512341,0.15085923999355,0.215025785283249,0.334187518842327,6651,19902
115,88.9019581899974,121.437152685896,66.6668430801799,0.16478530129785,0.532250332379444,0.232967881312256,95.3060573318388,0.155806680566294,0.235067961594438,0.379760828057482,7558,19902
116,89.7133123028391,121.575646687697,65.8922397476341,0.165190762263236,0.516802515865629,0.239839067705027,95.5013209987281,0.173989285613488,0.231713423183455,0.398221194914828,7925,19901
117,102.913565132223,128.328354554358,71.6265915768854,0.118504124441274,0.538869807957712,0.20417133770872,103.884000393113,0.196370606061055,0.166819594055917,0.205277707966826,4084,19895
118,93.3556851311953,127.803935860058,68.7766034985423,0.168847186674325,0.517038998644291,0.241892108693846,99.980637622162,0.169974846102849,0.236789118531573,0.413772304599145,8232,19895
119,99.0840215439856,126.153321364452,74.6983842010772,0.130487679964903,0.576178774098031,0.197309146613054,102.450326145158,0.149667677175975,0.190046437644224,0.279969841668761,5570,19895
12,85.3044571045576,110.44336461126,66.0945040214477,0.135605664271053,0.583892430610833,0.197002940493486,89.3230781745365,0.136760456769624,0.200789274703223,0.29983922829582,5968,19904
120,95.2032201325937,128.153429847111,72.1361114869436,0.162226048056769,0.539787733440634,0.229546253962171,101.515938297672,0.154964597207683,0.230898456975837,0.371388372443596,7391,19901
121,89.4184270806821,113.741919063375,64.901756172054,0.125026848112855,0.558196655308038,0.200109597277266,91.7349390920826,0.169141188080604,0.180737574093503,0.197357846092023,3929,19908
122,94.392634001973,108.926011180533,70.4028280170996,0.0755398931481669,0.63500857376847,0.145157981103898,92.7290988678968,0.152868472395174,0.114314666860584,0.152890899949723,3041,19890
123,84.3907103825137,104.653460837887,60.0430327868852,0.11264222394462,0.561018661242549,0.191933744112018,85.1786273049217,0.178714896519434,0.1625485271002,0.220814479638009,4392,19890
124,94.4604945717732,113.838057901086,63.6721954161641,0.0976002915110815,0.548320100194605,0.18761416320805,93.1627036459302,0.203899455699563,0.138322198413619,0.166591308716403,3316,19905
125,85.3942345924453,109.577137176938,62.70337972167,0.130276183686193,0.558780387930657,0.203056604545389,88.1907426256254,0.163955157266853,0.188413130689163,0.252624177590277,5030,19911
126,81.2315849270971,103.880136337815,59.9708388562772,0.129941691358617,0.559480143000721,0.202870163760355,83.847159798197,0.165135374302799,0.188002018752039,0.265510306686777,5281,19890
127,85.5325203252033,109.005562687206,63.0588361146769,0.128391892121132,0.564191267948335,0.199994812139405,88.1102248733169,0.161165511237365,0.186540754434181,0.23499245852187,4674,19890
128,90.9154805833773,113.146898611843,70.0657178000351,0.11469846886102,0.606236356335594,0.177352410491483,93.2264884000382,0.138514705835699,0.171552175991157,0.285793200421835,5691,19913
129,97.1390486147412,115.889702038683,70.776529012023,0.092399023627076,0.597595714995457,0.167570767900554,96.5673455130396,0.167316766614045,0.13617251616352,0.192251645645947,3826,19901
13,91.2341289994921,123.675850685627,73.8156424581006,0.166783574144186,0.568672356263988,0.221443619287291,98.7726261469059,0.125422413514193,0.244082306805618,0.395739121696312,7876,19902
130,92.3970331588133,114.902923211169,70.2246945898778,0.115792549354156,0.592027318008441,0.183366825799274,94.4975932299312,0.151320423266931,0.170979870658942,0.230455985118898,4584,19891
131,100.702549575071,119.017604208822,76.3365034399029,0.0881660746845063,0.627422672672661,0.155333072597643,100.392249757088,0.148130616470292,0.132366754773133,0.248479058776208,4942,19889
132,95.1891123742895,116.837341495409,72.4337560122431,0.106600515408545,0.608019451691304,0.172062014343789,96.6899111410124,0.144528250724653,0.159373089646684,0.229710727199679,4574,19912
133,97.8330686149936,127.976334180432,76.1658195679797,0.146533625750284,0.57101391642216,0.209016747840899,103.197252552489,0.142260224835308,0.213418029387308,0.316350115566275,6296,19902
134,97.9547643618851,131.209494324045,73.0558995528036,0.158084304197274,0.533985447392519,0.229422092425972,103.867302201132,0.165032010267486,0.223847041827894,0.292146123310386,5814,19901
135,90.9923882017127,124.921027592769,70.7602283539486,0.167430130173105,0.547902938166617,0.228792061971617,98.4216615060376,0.139824356751584,0.241939226991625,0.316900346751093,6306,19899
136,91.899209486166,122.485507246377,70.776185770751,0.153635175062707,0.559789800252712,0.216617178348575,97.6793759959834,0.142613812369318,0.222907267744724,0.305248341041625,6072,19892
137,103.929912963811,130.527027027027,77.9234997709574,0.121149875868161,0.581335663934189,0.190125243094639,106.551003369063,0.154329435078856,0.17716476910068,0.219441093687173,4366,19896
138,107.903381642512,127.80193236715,86.5007104290992,0.089172348226591,0.664479836373709,0.14337197354985,108.853731458928,0.117383394426902,0.138576787489698,0.176878612716763,3519,19895
139,95.7428283844992,124.629592350277,71.9461499748364,0.14005617862779,0.559408277333248,0.208912841625446,100.045938845071,0.15573902660172,0.202391319571032,0.299532686799658,5961,19901
14,91.7898951659872,125.399097262667,71.8621141525917,0.168234557489817,0.549979986803662,0.228903591540688,99.1830021797424,0.138998930942554,0.242847782102842,0.345090945633605,6868,19902
140,102.040118382111,129.444097336403,75.3691219993423,0.128006972870415,0.562607005000862,0.201062905110994,104.904235026141,0.165300836817182,0.184202028768004,0.305597427394232,6082,19902
141,93.6718842876957,117.475133742818,64.3467406380028,0.121328246699079,0.527931522083854,0.209600736660858,94.6518674033973,0.203142905472533,0.169916275058889,0.253592603758416,5047,19902
142,91.6433252427184,125.688470873786,67.5625,0.168837352247809,0.517712348333848,0.241385838199372,98.2551018077091,0.16831685866716,0.237414548090147,0.414028740830067,8240,19902
143,85.8069979006298,121.750594821554,67.0824352694192,0.185522605279822,0.532012081750008,0.244897524203841,94.6141198169303,0.13630959682957,0.266324488918629,0.358991106868311,7145,19903
144,91.8890658942795,125.253294713975,69.3597393193338,0.167052230481216,0.531597681018133,0.235131774521746,98.5597687520213,0.157157015365527,0.237458447745853,0.347054684358665,6905,19896
145,91.7148327801889,115.639775338269,65.9839162624457,0.121300495562139,0.559686241651306,0.19730640138353,93.5242823849891,0.170893962506887,0.175463527462259,0.196903433368522,3917,19893
146,90.6918149466192,117.175088967972,67.2156583629893,0.138220575328722,0.547309920408656,0.212479502117273,94.2192054925094,0.170451822650624,0.19826534725719,0.211894228835713,4215,19892
147,92.340162601626,112.138211382114,64.7635772357724,0.10281386722979,0.563602742864414,0.185421541063461,92.012466820773,0.186273786926252,0.147829294188074,0.154421734545272,3075,19913
148,83.3438160056325,105.275287491199,60.4107017132129,0.121349383526948,0.563371579855667,0.195834531703072,85.158600217895,0.166881464214948,0.176339660750581,0.214142124836667,4261,19898
149,89.6544655929722,108.448901903367,62.4676427525622,0.0998356149422238,0.562569100463274,0.18395418783231,89.0585309155135,0.189802016854094,0.143569137311311,0.171677056102956,3415,19892
15,86.1457617804644,120.531116911664,67.9744470394285,0.180316186912545,0.541013130663136,0.238861125129185,94.4339718739056,0.134486972341899,0.259770353452037,0.365852432649779,7279,19896
150,90.1008550756413,108.520719140539,69.4656873492655,0.102193896762868,0.613758834551147,0.16827701163532,91.0232883799169,0.146958639312999,0.152317906043626,0.229172947442468,4561,19902
151,83.7382636655949,107.91575562701,61.2574490889603,0.134492899415164,0.547160932537367,0.210168584392045,86.6789542568053,0.173013678634617,0.192734579934871,0.234257306417596,4665,19914
152,93.3740387573054,111.951399569363,68.8609658566595,0.0957416757777382,0.601346257142571,0.168102514188376,93.2451613554597,0.160628013688837,0.141905571819753,0.163440752098939,3251,19891
153,90.2308147563622,112.417044782008,68.9001775498126,0.115152061404425,0.601247062948556,0.179199308892262,92.4031631982611,0.141558449560387,0.171758922787223,0.254864497963699,5069,19889
154,96.8710392902408,120.470532319392,76.0380228136882,0.117804591222948,0.603525793497653,0.181053959532756,99.7467283440241,0.142986606078881,0.17550143079145,0.158577027434429,3156,19902
155,88.1005807200929,108.06806039489,69.1140534262485,0.108540134490291,0.620983974523716,0.169049756803574,90.0260122993953,0.134009772261229,0.164105338816388,0.216255588486462,4305,19907
156,91.942554629421,114.243298040099,70.9833295787339,0.113107010722852,0.609404908206234,0.175161841948593,94.2095825838197,0.136682931968802,0.169929214846548,0.223166256095722,4439,19891
157,95.7792836398838,127.140921034435,75.6465219195132,0.153558854613156,0.569405694990923,0.213787055331331,102.077404503733,0.137905130403898,0.22389510324498,0.363421621349952,7231,19897
158,96.9081856203943,127.155148376817,76.1525592511452,0.146656630965483,0.577138496388681,0.206559847453216,102.558416088942,0.135355417211261,0.215065636355818,0.252286202391719,5021,19902
159,98.1864291772689,127.245631891433,78.5599660729432,0.138066509500349,0.598677912735723,0.19357647705833,103.528055688123,0.123504806918755,0.206178803434409,0.296246042514699,5895,19899
16,87.7680086379763,118.545734999229,66.6236310350147,0.164052291173407,0.536177506619909,0.23190892484387,93.7917669871019,0.157173575459998,0.233551747594666,0.325844390832328,6483,19896
160,90.0614525139665,119.000413821643,70.8576453548521,0.149851777199619,0.575017092317314,0.208793560738646,95.6578083224663,0.132689198184883,0.22024759833135,0.24286432160804,4833,19900
161,108.52900084674,133.40283657917,82.3111769686706,0.110917313543119,0.598706968730905,0.178450884724967,110.331798775858,0.150549049180603,0.163357739740415,0.237363079087529,4724,19902
162,101.168279806423,127.952485701716,76.6700395952486,0.127717085619732,0.575662617864607,0.196453081260459,104.381051807647,0.155005713335729,0.185489792752604,0.228419254346297,4546,19902
163,90.9046297901855,121.532512571528,68.2458817409398,0.152462459034202,0.547535803229646,0.220063886686107,96.3236822261739,0.153044738804791,0.219527504629058,0.289857257740249,5767,19896
164,91.6155701754386,116.737061403509,66.7410087719298,0.128506351981249,0.558303704455978,0.20221728220803,94.1644111818962,0.165889635962222,0.185318507075354,0.229203317416436,4560,19895
165,93.2045294696863,121.664791109861,68.7884371922915,0.144012190860292,0.543101416809819,0.217825275543087,97.3074354053816,0.169756964213025,0.204631981336256,0.357325961296808,7109,19895
166,89.064121907061,120.518557634279,67.4132468316234,0.163597916318955,0.536157170385854,0.231532702604152,95.2023480772446,0.15693982986369,0.232959621571595,0.333082064425348,6628,19899
167,89.7029151186053,121.129036867676,67.2223492426408,0.158288683078617,0.538872981133004,0.226774558552225,95.5553336407203,0.156085472573462,0.226539250904617,0.351622952467089,6998,19902
168,86.7394257486879,116.890552639704,65.263661623958,0.161979958646305,0.534584038168056,0.231147024562192,92.4231143369274,0.159703647450119,0.230345872776064,0.325494925133152,6478,19902
169,90.2535485666574,112.064291678263,64.2053993876983,0.112762223374216,0.562519175600756,0.19133257026195,91.1415039047674,0.176514031225239,0.162928605242646,0.180552763819095,3593,19900
17,88.6190321003748,120.874368583999,67.2326869806094,0.168798847715749,0.529946311290518,0.237211381965758,95.2047553737944,0.159546143424188,0.239148452514072,0.308453960595095,6137,19896
170,82.4885028104241,103.260091977517,58.7721001532959,0.117636745160346,0.552432121763975,0.198081004018951,83.7083635609837,0.182430152685023,0.168720165446721,0.196515539488879,3914,19917
171,86.9015617605301,105.669427354472,60.2957879791765,0.103137983243384,0.555834408495844,0.188278497096986,86.5025010494663,0.192740852313505,0.147777357111509,0.212457895530642,4226,19891
172,86.0573446327684,104.060451977401,60.2960451977401,0.0995107183767733,0.570115314224331,0.180854434205196,85.5275283248075,0.182146118839879,0.144026446585649,0.177969936152029,3540,19891
173,89,107.027954256671,66.9290978398983,0.0964111389157174,0.612613203261222,0.164599361964453,89.3121176231069,0.150644668975102,0.144445417176287,0.197669161601447,3935,19907
174,89.0108925869894,106.604236006051,63.7409984871407,0.0961659351795577,0.579566795253702,0.176229826189676,88.4279866828841,0.180375116269857,0.139688928255533,0.166022002310745,3305,19907
175,85.7426619433198,106.46963562753,63.8987854251012,0.115743037215051,0.580632470328081,0.187214943026122,87.3497225528195,0.160869600310824,0.169403950020209,0.198672833299819,3952,19892
176,90.3424624910693,107.305310788283,66.6923076923077,0.0903156873522712,0.611147182449261,0.161504513366275,89.8093636703444,0.157113629866781,0.134760677399239,0.211142957711068,4199,19887
177,89.7566531348669,110.912719891746,67.0701398285972,0.11069451744341,0.593104364497622,0.179493769486569,91.1761410914972,0.152588347013096,0.163755695320824,0.22273572110313,4434,19907
178,106.413751140858,124.022512929723,79.1207788256769,0.0820410846160865,0.622632427951466,0.153422322837429,105.009304844366,0.15784507362732,0.122387629244532,0.165192481656448,3287,19898
179,93.7592382035247,115.777146105742,73.5559977259807,0.112155476140581,0.620203083120804,0.171250648569812,96.1189772834247,0.130215178720509,0.169327588677597,0.176837237357997,3518,19894
18,87.9345465218667,120.178162606399,66.7252714998532,0.169044784522371,0.530778378441456,0.236641452735313,94.5445674302209,0.156378360325149,0.240174397329403,0.342463687993165,6814,19897
180,94.2878823808395,116.204173583116,71.7910837087977,0.108750843332714,0.606324364809381,0.173805927757261,95.9778604911296,0.143531473167018,0.162502755726719,0.211920196994824,4217,19899
181,95.6669223688248,126.734274317275,75.2075790119669,0.153231571600127,0.565951909330023,0.214872231399444,101.755400428026,0.141368465745695,0.222814393581649,0.327537688442211,6518,19900
182,91.3150326797386,119.300653594771,72.8119514472456,0.142663200215454,0.595816827999198,0.196783141130085,96.6425007280925,0.119705600672906,0.213248226103992,0.269163106308118,5355,19895
183,89.956229983224,122.65853286564,68.5635199023944,0.164841924657295,0.537881876581694,0.231251431869742,96.6342830702343,0.152579754766855,0.235920628011368,0.329613431860453,6557,19893
184,91.5894276629571,121.502782193959,72.0097376788553,0.152076842318034,0.571535133042355,0.211329980406119,97.4663375020481,0.133664098746638,0.22312310288071,0.252915158825895,5032,19896
185,101.646153846154,127.86317016317,76.2207459207459,0.123659460747621,0.575806752103475,0.193954429385139,104.340019992242,0.158345068170907,0.179507942322986,0.21558872305141,4290,19899
186,102.636269430052,129.139896373057,79.0429015544041,0.124889104314054,0.59078146091773,0.189233015049213,105.92990286096,0.143424333017309,0.183501575521165,0.242437945935082,4825,19902
187,99.8486828240253,126.657323498419,73.8832455216017,0.124500232783057,0.572106846920179,0.194901073463401,102.625786121949,0.157221006026488,0.181385925034314,0.238418249422169,4745,19902
188,108.199548405306,130.277166243297,75.5320349985888,0.0985783582493692,0.565672293167582,0.182415305583086,107.276932390264,0.188834518615615,0.141233899276502,0.178022309315647,3543,19902
189,89.7797376093294,121.870699708455,67.4620991253644,0.165983150307115,0.527850108870128,0.236342748763015,96.0321847468021,0.163928130279746,0.234577325615659,0.344688975982313,6860,19902
19,87.7581073113208,119.421137971698,66.5978773584906,0.164333463717387,0.537765957353404,0.230821166908107,94.0898327168144,0.152214526214913,0.235239958930864,0.34092165435449,6784,19899
190,91.2172073342736,122.746544428773,69.1792665726375,0.159030624730877,0.544016286340124,0.225709932723166,97.2186195051266,0.152566382190415,0.227908425577955,0.356317217810835,7090,19898
191,92.012980845338,126.53981320247,69.1119202152921,0.17142357405624,0.524532466841607,0.240333574094914,99.0825197414922,0.159669428408896,0.242320544529602,0.317516964061322,6317,19895
192,87.554204805492,119.177059496568,66.3900171624714,0.166776888144999,0.535290216514301,0.233487288126767,93.9168586631851,0.153684624920831,0.237787402478341,0.351427422597507,6992,19896
193,89.767204757859,114.416029453413,65.4197111299915,0.127540135287139,0.557896706523914,0.201742061689456,92.2739630636737,0.167429283381983,0.184335823791904,0.17740152733119,3531,19904
194,84.2454822811547,107.733395916452,60.5763905186576,0.129135679124262,0.5465890925675,0.206745926202165,86.5707179253813,0.176108628642642,0.185237525127693,0.214228255404726,4261,19890
195,81.8707336737436,103.020155872077,58.0795485084655,0.120782422876433,0.550626066098781,0.20041833935771,83.2355355605757,0.180141934593932,0.173078877472864,0.18701311755541,3721,19897
196,91.4355053191489,110.544880319149,64.8799867021277,0.09997234284405,0.573695200244586,0.180087163010202,91.0788006440159,0.179900881424367,0.145110069665875,0.151057098377944,3008,19913
197,80.9822180627047,104.412260177819,60.4183434721572,0.133766778758898,0.562995379236465,0.20344951333173,84.0714294199788,0.156636038281118,0.194604489066616,0.214817048652996,4274,19896
198,82.6169111302847,106.802631578947,61.1330888697153,0.136064244102259,0.552813256112508,0.208843466782525,85.7978434239815,0.165545675169789,0.196333929205702,0.23308195072901,4636,19890
199,87.6083858591395,109.043025486435,63.4927377363661,0.114991572214235,0.569213275679855,0.190534454775773,88.8819813298018,0.169731907880184,0.166737036942718,0.183385264850739,3649,19898
2,85.4969339622642,108.762735849057,64.4665094339623,0.128639280266971,0.575297766868503,0.196377143180801,88.3407081031358,0.152139611297904,0.188350836920393,0.213151015483612,4240,19892
20,90.7632699403917,123.458983820607,67.7629860913994,0.16862440827247,0.522242085092437,0.240077470486967,97.1096543205736,0.166894897347647,0.23720860445249,0.354070351758794,7046,19900
200,88.1590909090909,108.297348484848,65.2435064935065,0.107573454207332,0.591126727974659,0.178260209997346,89.1399480472834,0.156950345452929,0.158974393694802,0.185654008438819,3696,19908
201,90.1841249186727,113.033181522446,66.8570808935155,0.118112883650216,0.579294973079238,0.188663351916673,92.1534012932762,0.157397110364779,0.173009380404042,0.231813382937007,4611,19891
202,99.3555670905788,118.220088242928,73.9358941084869,0.0930375027889735,0.611195897307677,0.163417807202054,99.0318589975033,0.155887409074623,0.138372034353522,0.193705696043437,3853,19891
203,108.095894111291,123.084819016748,78.2282549972988,0.0688611271051166,0.622842522921263,0.145587777915801,104.964662488663,0.16970771045783,0.102354007741248,0.185946054548194,3702,19909
204,97.4389884605942,119.083722072183,73.2160569604714,0.104896136173352,0.60211221835503,0.173145474269108,98.5369310154679,0.151212305321681,0.156030581225485,0.204591119148081,4073,19908
205,94.2847682119205,124.482151510257,74.7926021644322,0.150796743456653,0.574693670464869,0.210134511544775,100.277688266673,0.135230680785534,0.220879837902066,0.311074263893076,6191,19902
206,93.6253776435045,120.460458503643,75.31402168118,0.133978849974844,0.607460002203361,0.187949931386709,98.4499000238885,0.119355976327182,0.201802535014215,0.282792240426173,5627,19898
207,88.9867256637168,119.539003605375,71.915765322845,0.15555810561832,0.586358936118442,0.207318286432126,95.7587078490865,0.115068737085688,0.232211652674647,0.306617757901613,6102,19901
208,92.9389930172731,121.063763322308,71.2997059904447,0.142756359707589,0.569859519673603,0.206671869328038,97.5442259052664,0.143976414769048,0.208143004465411,0.273439855290926,5442,19902
209,109.04972826087,128.776630434783,82.0622282608696,0.0880889862476066,0.622567331982197,0.156910108851545,108.512989115981,0.151887612915498,0.131681358303432,0.184943210372902,3680,19898
21,85.543720190779,120.189719130896,65.2636459989401,0.186922398600155,0.513081458783128,0.254455381100157,93.5398080476427,0.160477233878725,0.261982544118153,0.379258365993367,7548,19902
210,103.540569020021,128.725763962065,75.5792939936776,0.116318098393577,0.568190428207478,0.192088796047372,105.14611159013,0.171131303046419,0.168251312327318,0.190801708972104,3796,19895
211,109.040278684955,133.719573263662,77.4084476377096,0.10670194283598,0.56740032036103,0.186574273875404,109.385895739468,0.179410392587916,0.153398102110278,0.230862025634582,4593,19895
212,97.9500619067272,123.327073875361,74.1025588113908,0.124043428999746,0.582044840486998,0.191548136544703,100.729057591421,0.151213907657077,0.181653040768985,0.243566546039405,4846,19896
213,86.4704378395654,118.225790987536,65.5226909555769,0.170830674606167,0.524314456444834,0.240673443618658,92.9954743792329,0.163979252255896,0.241106696508598,0.314440759722641,6258,19902
214,86.8115772547873,118.694927642158,65.6219850898991,0.169747831971805,0.527038117964794,0.238640223871479,93.3159168071046,0.160487894197837,0.240338684031103,0.343734298060496,6841,19902
215,87.5786135024921,121.043346926446,64.9528772088808,0.172861118825383,0.516367171920043,0.244153675359775,94.3894333438011,0.16554578569392,0.243123617489177,0.332680132649985,6621,19902
216,88.3114754098361,121.380741397135,66.3520897947127,0.171421473659411,0.523412006403335,0.240874702351043,95.0991237298329,0.16130281296927,0.242144262661742,0.340251256281407,6771,19900
217,90.6181718363986,114.574251990118,66.1877573428493,0.122928584732246,0.562922615344704,0.197491831427454,92.8037049493885,0.168227803693308,0.177722729697101,0.183148157458147,3643,19891
218,92.463669209153,113.073063026897,67.6840626254516,0.107428262720755,0.584051901051848,0.18117965572119,93.1636620162058,0.16505098375441,0.156646181202825,0.125163300170837,2491,19902
219,75.0829361296473,98.295757864633,54.9049094375596,0.141556616810693,0.541643797158621,0.215794780779891,78.3340460283042,0.168953094399377,0.203069033408031,0.210727199678586,4196,19912
22,85.5272704683812,121.064604298671,65.0436079016027,0.187779339949656,0.512201599873828,0.254697949823955,93.833061596932,0.157262873980027,0.264052466627498,0.404431715405487,8049,19902
220,92.7664725712534,109.463070793748,65.674839105118,0.0872748221345709,0.589998813908923,0.166959687462533,91.2565613550463,0.177495375076158,0.127668179246656,0.164019302302202,3263,19894
221,84.5657894736842,105.802866541353,61.0018796992481,0.117002981069184,0.563364377941404,0.19368658728297,85.9373642271867,0.172638926745094,0.169349189108641,0.213966115328541,4256,19891
222,84.0602853198343,105.877588587207,62.7137597791072,0.12291608398183,0.574767623351288,0.193244797204233,86.2542321140838,0.158172373385626,0.179733285963641,0.218370013064014,4346,19902
223,90.3303571428571,115.403316326531,66.0176020408163,0.129572219793229,0.553371171888072,0.205051173097767,93.0448958560396,0.171698769047749,0.186226009330738,0.196975026380584,3920,19901
224,118.294541709578,131.175592173018,85.3532440782698,0.054469046113544,0.639929996227991,0.131515795962477,113.386075005148,0.169450463368251,0.0817060618037336,0.0976124654435788,1942,19895
225,93.7138432213486,117.091732189659,73.1129378127234,0.117537840623762,0.610278991010488,0.177609307482028,96.516744423021,0.132626968724911,0.176490110823209,0.210978736238878,4197,19893
226,101.675919656962,124.65538253216,75.1144211238998,0.108980031655223,0.587541431722473,0.181049450775891,102.736995414398,0.161159535589662,0.159171573717785,0.222517953095967,4431,19913
227,103.082540498843,121.578297762921,77.580097711494,0.0869617942632585,0.624884934058833,0.155377282692754,102.508165081979,0.150682479441212,0.130338648884407,0.195466425412143,3889,19896
228,96.1916646474437,118.968015507633,72.2180760843227,0.110929559596375,0.592598407716262,0.180042747297128,97.8517194529077,0.153913485839004,0.16390573690431,0.20747033983511,4127,19892
229,91.684419596881,121.772693835516,71.2047962336325,0.153716776479445,0.558565165417811,0.217691313006953,97.4539290066349,0.146938033737958,0.222505654153305,0.341660802251935,6797,19894
23,81.690794864791,116.310844031685,64.4683146681235,0.188683006669847,0.532969526777809,0.246345928672727,90.4289136984762,0.132762606558838,0.271204425874768,0.367921209989448,7322,19901
230,88.9136842105263,119.416140350877,69.5864912280702,0.158137478740442,0.560210002852065,0.219159419739211,95.1783505258198,0.139080105456254,0.230137939301198,0.286504146770545,5700,19895
231,89.2260656103548,114.506360187458,69.4757866547646,0.131563784469689,0.593925204710364,0.191031519102172,93.1130483451703,0.131580563111374,0.196044943766264,0.225198512413308,4481,19898
232,88.2156902493412,111.330630448003,69.9343198864788,0.124370329726722,0.611687837596379,0.181051522959223,91.6015587221444,0.125027938073976,0.187209713371718,0.247876991105975,4933,19901
233,96.6351193942924,118.300524170064,71.4088526499709,0.108267125932669,0.585683690538078,0.181354772519388,97.5793870010732,0.16409036955065,0.1581096903613,0.172545472816802,3434,19902
234,94.4549275057785,118.632485816348,72.6579113259088,0.120575674775715,0.597395825638514,0.18387330931929,97.2739420462299,0.140436504224169,0.179199169307175,0.239121696311928,4759,19902
235,92.7716535433071,117.508231925555,69.9682653304701,0.124425475789187,0.582061600653053,0.191290130114433,95.6104822818379,0.149006526143362,0.18305121193926,0.210581851070244,4191,19902
236,91.6546528201996,119.440032579923,67.4717980044797,0.139242532123521,0.551667826625976,0.210745285391694,95.470909931646,0.161128170547724,0.200650493764954,0.246771519019145,4911,19901
237,80.5209890741806,113.780764807361,61.6361414606095,0.187483316918012,0.515195385825048,0.253516406827152,88.3628584665713,0.155503242492763,0.264017318011132,0.349635586830862,6956,19895
238,99.3431643625192,123.61044546851,72.9920122887865,0.118161987525473,0.574062235609415,0.19093912426911,101.056733840763,0.163470250353287,0.171451223453113,0.163608946971601,3255,19895
239,87.9204529761083,120.286976936887,70.3235740919762,0.167435164080699,0.565017083456245,0.222203696982543,95.3972283664952,0.123691527425219,0.24576738005924,0.363942501005227,7241,19896
24,87.2537388674172,120.367837338262,68.3989245504957,0.177906053178219,0.541714903139475,0.237629847562407,94.8615443307211,0.13810844810268,0.255197366402864,0.299120382005529,5951,19895
240,87.0067773167358,120.323928077455,65.7497925311203,0.175258117040108,0.522723825301223,0.24332839247454,94.1086776910531,0.158308050288858,0.24773744333299,0.363389626055489,7230,19896
241,91.0225261464199,116.946902654867,65.6433360150174,0.130970971904712,0.549566845678013,0.206569279640655,93.7819771809118,0.170670018747302,0.188453717872311,0.187292817679558,3729,19910
242,81.2135997923696,105.493900856475,60.9013755515183,0.138535228826756,0.557246764359633,0.20849416147428,84.7475393431973,0.158734274998558,0.200984411443927,0.193598633303186,3853,19902
243,85.7668659265585,107.323868488471,62.8437233134073,0.117991558549615,0.571204327993644,0.191527862822116,87.409561396236,0.165037944496838,0.171776166977177,0.235495223730518,4684,19890
244,89.6766453885098,111.106317411402,64.2784503631961,0.111665223504788,0.567881673890455,0.18891624643338,90.5733930465348,0.173221356086825,0.161731240543126,0.228337354242059,4543,19896
245,80.0977859778598,106.866236162362,58.9564114391144,0.150998786608779,0.535230131254994,0.22366483806375,84.5078156387876,0.16592409075248,0.215857225049926,0.217823771727117,4336,19906
246,86.5778546712803,109.937254901961,62.2011534025375,0.127065084916114,0.545823302797703,0.206363596929601,88.6596733778,0.181232651338619,0.181451034319839,0.217904895948527,4335,19894
247,95.2662737744441,114.840075006697,68.2135012054648,0.0986066257540749,0.581082899234702,0.176948876905672,94.9080165827979,0.17543552737404,0.143324605666987,0.187682252388135,3733,19890
248,95.6823438704703,116.119763556926,70.0274993574916,0.101330622753226,0.591144280542222,0.174839431996173,95.9983021908524,0.163685469090408,0.149123228935219,0.195498166105612,3891,19903
249,95.2227745142341,120.033890646182,72.1204247627655,0.121196067365368,0.589348929965775,0.186912212536773,97.9522029402133,0.145814576995061,0.178976603138624,0.222266860844674,4426,19913
25,98.929689572831,121.388962589546,71.8636243035288,0.110216821354118,0.571444742901003,0.18755584314516,99.7755866309885,0.174348159004065,0.158991813081335,0.189492207139266,3769,19890
250,103.843433029909,122.999479843953,75.6189856957087,0.0899881331179933,0.598110438123345,0.166517845467038,102.882501200255,0.171023749006347,0.131653240466589,0.193313222724987,3845,19890
251,92.2257068187218,114.929674507009,68.4326443335709,0.116016504859797,0.578073141148987,0.188377708455692,94.0099695529467,0.16272486223836,0.169214104634536,0.211613876319759,4209,19890
252,91.5034797216223,115.070554355652,68.8344132469402,0.119638849900252,0.583983322177598,0.188051825128907,93.9138985073826,0.152773312448742,0.175978650402804,0.209291813159216,4167,19910
253,90.4735628650477,120.258069474331,70.47110359668,0.154640257003793,0.559126144899779,0.218130824027717,96.2538266529991,0.146118542985211,0.223767568534743,0.32696753442557,6506,19898
254,88.2694097933346,118.177806739899,69.0761496927946,0.15555709667143,0.563290981963828,0.216426725096615,94.3132277445474,0.138226414512094,0.22698203160463,0.269872374635715,5371,19902
255,88.1713681241185,117.480253878702,69.9009167842031,0.151347847641665,0.578850744735977,0.207851433344622,94.1526352092567,0.126342569955749,0.224034343857195,0.285025125628141,5672,19900
256,95.4018348623853,121.553669724771,74.6713302752294,0.129362279779223,0.597284013713671,0.188959286557064,99.3208543605299,0.132340422923404,0.192682108412823,0.21913952553277,4360,19896
257,118.632711621234,135.211382113821,81.8149210903874,0.0688918909724786,0.589715898301602,0.156885231964909,114.292700666003,0.197703992198739,0.0994875665821658,0.105096501809409,2091,19896
258,91.3751843269433,117.99557615336,69.0501369285865,0.137019366751073,0.566419181415625,0.204675963409755,95.2046913231315,0.152836836280266,0.198986789291814,0.238602663985926,4747,19895
259,113.702623047451,133.510757441792,82.3813734158562,0.0843229657779657,0.606734732393372,0.159772692107417,112.029805812052,0.167053731708759,0.124524783192658,0.170502512562814,3393,19900
26,84.9526407682235,108.7485814055,60.7832824094282,0.130226163685789,0.543316118953666,0.208671227999091,87.2685991165656,0.178551581528874,0.186552821689679,0.230181854717171,4582,19906
260,87.7121519454177,116.571086114697,65.2491241010511,0.151325196634925,0.543230827389248,0.220916515422877,92.5199893411231,0.157756750241978,0.217259697598386,0.272485177369109,5423,19902
261,92.0468473376004,123.496391120795,69.2970175677516,0.159728375479118,0.535271835626729,0.230069288487066,97.8608206211562,0.163313228013584,0.226346657162728,0.368957893679027,7343,19902
262,79.3881291028446,114.955962800875,59.7588894967177,0.201233906332369,0.491273341596112,0.271104139842495,88.141579249829,0.167758486784647,0.278479286004034,0.367400261280273,7312,19902
263,82.2822202509188,116.961475098213,63.025978963376,0.189460353405125,0.513687771335149,0.25476850718221,90.5732158895346,0.153087290597686,0.26734313923066,0.396572519851241,7891,19898
264,84.1997424339987,118.019703799099,64.2735350933677,0.181804371489845,0.521241519379575,0.247526895966795,91.9017488137639,0.152947633895375,0.257377921948657,0.390240225148256,7765,19898
265,93.7974452554745,116.956508515815,66.7895377128954,0.115830695221846,0.559574402784901,0.194273575657668,94.9525774672452,0.176621599262596,0.166994840960504,0.165259348612786,3288,19896
266,84.7068131868132,110.071868131868,62.1738461538462,0.138159538473074,0.548242090820249,0.211497386446214,88.0836968446793,0.166479565271879,0.198838045419989,0.228758169934641,4550,19890
267,98.9101283880171,115.31847360913,67.3552068473609,0.0808476729754978,0.568693267564562,0.170836643959461,96.1331244439927,0.203316687543129,0.115777150917524,0.140897442339581,2804,19901
268,101.589619118745,115.481329350261,68.2938760268857,0.0675088006292825,0.582063808504332,0.158142846946516,97.2809041093472,0.203044547040704,0.0971508554033116,0.134559340769772,2678,19902
269,86.1707371225577,108.178285968028,62.7166962699822,0.119692767050734,0.56408089655917,0.195038155111204,87.8673693072446,0.169714274887911,0.173387968451695,0.226388539834129,4504,19895
27,83.4861194327941,106.087078090673,59.981426003595,0.126044004558227,0.548167085445201,0.204642778679173,85.4816089813487,0.178703615525,0.180627455372775,0.251481667503767,5007,19910
270,116.326936744847,126.38237384506,87.7540867093106,0.0507510387871474,0.640222378445401,0.131813676972133,111.936617402572,0.182228420460689,0.072882549338398,0.0707355085214419,1407,19891
271,83.2648732540093,106.6867563373,62.7356440765649,0.132646692918268,0.570344421402766,0.200465371676807,86.3555946773955,0.152823689238022,0.193523659792271,0.194164029933203,3866,19911
272,91.2996585088218,110.521912350598,67.7808764940239,0.100074848574907,0.603223833697152,0.169858245514193,91.6982777949867,0.154273106638445,0.148690144714746,0.176565169329716,3514,19902
273,105.157786885246,119.473360655738,75.3954918032787,0.0670819772304387,0.622439458670868,0.144464288590954,101.799003583531,0.170634749099579,0.0996999481776826,0.14718745287287,2928,19893
274,104.186500888099,119.338898756661,74.0273534635879,0.0732700647983275,0.608693637407287,0.152807306199549,101.120450937428,0.176525392137751,0.107607786807671,0.141471504673837,2815,19898
275,99.41771019678,114.471973762671,69.8494335122242,0.0757267425641195,0.59915833572833,0.157259348584483,96.5308760222268,0.181543739547105,0.110992626833853,0.168424224163905,3354,19914
276,95.5562516314278,115.689637170452,69.0642129992169,0.0994654175028362,0.586876560181714,0.175203342254546,95.5278431231612,0.168715704615893,0.145761707923677,0.192570624308837,3831,19894
277,90.6439382357438,121.024461091576,71.0212505733068,0.156955673722437,0.560788880190884,0.218855496673485,96.7706223065657,0.142285435957091,0.227484188982885,0.328759549658223,6541,19896
278,96.0417532197757,120.394682176984,77.2075197341088,0.121559165386463,0.623150219787224,0.175506996525152,99.6988868173282,0.118740565580842,0.184630348763782,0.24189739209085,4814,19901
279,86.6904884318766,113.862724935733,66.8342759211654,0.143224673692457,0.57403174398516,0.204780282468979,91.4055297327682,0.137356351795704,0.210714423620945,0.293201346665997,5835,19901
28,91.8564356435644,110.566260472201,63.8065498857578,0.0968343533566836,0.566833751263007,0.180642928033871,90.9450814396251,0.18828016496414,0.139419757865499,0.264052287581699,5252,19890
280,86.4886532738095,114.637834821429,67.1969866071429,0.151128024768015,0.567195386970977,0.212142936385108,91.7993012773081,0.137350715737743,0.221109773717952,0.270123605667772,5376,19902
281,90.1908363950724,118.157121244867,66.21482602118,0.144609948169384,0.539593717915651,0.219155553078616,94.2494803954822,0.170953253017913,0.205495621562827,0.232489197065622,4627,19902
282,115.919914346895,133.818415417559,79.5627408993576,0.0766454108641543,0.579283840346838,0.165014561979437,112.284172938419,0.199033058127986,0.109919338998882,0.117324891970656,2335,19902
283,102.975143903715,129.856357927786,74.7040816326531,0.123180434220231,0.557088416484406,0.19993746720641,105.225577434218,0.174159806877902,0.177126402774106,0.19208925968739,3822,19897
284,98.4383561643836,126.401553874463,68.0560212635453,0.131988300209918,0.526664992132566,0.216020952233163,100.742324752923,0.191853253241574,0.185264938797478,0.245828307197427,4891,19896
285,99.1749441484791,127.311221859426,69.8750644440626,0.134570383741579,0.527394988077932,0.218219095238224,101.850714527831,0.193463160988886,0.188067393341058,0.292470848411741,5819,19896
286,84.033935546875,119.442016601562,62.0460205078125,0.192351628179507,0.490848061523079,0.26634980833343,92.0314178840455,0.177487677001413,0.264818750010485,0.411720359853244,8192,19897
287,99.7639060568603,126.891470951792,73.7621755253399,0.1311399011754,0.56372421756141,0.202458330505146,102.777253053977,0.161269029376023,0.188618804848925,0.203276546560129,4045,19899
288,85.1581027667984,118.635309617918,64.8654808959157,0.177859181453228,0.524959283633559,0.243838895465025,92.5931257879195,0.15307964253959,0.252215718731092,0.381387869956284,7590,19901
289,95.2263294422827,118.135862516213,66.8278210116732,0.112529332058343,0.553801243696541,0.194475979923608,95.9230938784645,0.185202519928621,0.161251872532535,0.155029407329211,3084,19893
29,92.6356236533397,115.395259755806,66.4132152262389,0.114831611600388,0.563828619652103,0.19230172808814,93.8291284487681,0.174262841815899,0.165912862822184,0.210015586505103,4177,19889
290,101.10672236992,116.189137865553,67.6061526775541,0.0738614930632214,0.568752310617597,0.166746396589906,97.2931497103934,0.209757793435146,0.105057095333615,0.132245102963335,2633,19910
291,89.6771474139895,110.430849851902,63.5089997721577,0.110302103091289,0.560440241096872,0.190944223908618,90.1500509708032,0.182084418110669,0.158670455184162,0.22060819301332,4389,19895
292,82.734375,103.55908203125,58.225830078125,0.117396357156139,0.547643606672506,0.199530134770236,83.7748427062899,0.186307272482052,0.167844038764886,0.205932629462041,4096,19890
293,88.0221392371299,105.152040544145,60.1184315817551,0.0931392289144609,0.561203432341335,0.18045971947827,86.5898947378163,0.196692502792537,0.133210663970892,0.188429835142742,3749,19896
294,92.8579034941764,108.296173044925,64.8,0.0814174672299184,0.583587818886508,0.166043517314034,90.6341083854048,0.190038269636821,0.117996302435043,0.150876135964252,3005,19917
295,86.6338101430429,111.009882964889,63.0564369310793,0.130363417132846,0.549393027891102,0.206692859809692,89.3071923660639,0.173751343828833,0.187414044088711,0.193284069773287,3845,19893
296,108.969364599092,123.295385779123,78.1932677760968,0.0655551389951941,0.620909230431477,0.144300873399572,105.330865630392,0.174459936677042,0.0971407520674839,0.132931121166415,2644,19890
297,83.7474012474012,107.918918918919,63.643711018711,0.133258737772562,0.575255386042708,0.198857595713281,87.2146073384551,0.146898234640643,0.195509149441155,0.193327974276527,3848,19904
298,94.4836353009936,113.074225599065,70.6133839859731,0.0956443664296151,0.607444657888062,0.166407369084811,94.545525654676,0.157526342554439,0.14174611795092,0.171864798352669,3422,19911
299,90.8548545276234,108.466165413534,65.9251389342922,0.0934452386420864,0.591944018853369,0.170279474420027,90.3072570043902,0.171883303235309,0.136970898345514,0.153788145392389,3059,19891
3,80.7364905889496,104.658368751265,62.6138433515483,0.138388195346437,0.579546494952041,0.20018379639016,84.663001439258,0.138573355979321,0.204613769969835,0.248366341610536,4941,19894
30,99.4716206975154,114.186232049236,70.0102575792113,0.0731996539720904,0.600785581930838,0.15526001310545,96.4719189072379,0.182871282377256,0.107567363285148,0.220419032306687,4387,19903
300,95.6695625193919,115.507291343469,70.8876822835867,0.0989409581744721,0.600952115455934,0.170175056798913,95.9454331322389,0.158124519534084,0.146508460376311,0.162081971335177,3223,19885
301,91.5875716332378,121.601719197708,71.335064469914,0.153797251858467,0.560480635601495,0.217099199684236,97.3885187027201,0.145524054624496,0.222869437433268,0.280574816601347,5584,19902
302,93.2256006804168,122.523708271316,73.9391877524984,0.14597166774846,0.583869459767301,0.203460020749491,98.8922968067948,0.129015539292597,0.215751939888155,0.236379171692803,4703,19896
303,101.297644539615,117.865096359743,71.6734475374732,0.0814882276409142,0.595447815365733,0.162208985188134,99.0073905826763,0.179881535732228,0.118396524512538,0.0469441093687173,934,19896
304,99.3663426488457,122.424058323208,73.5404009720535,0.112279085382855,0.583266887874662,0.184351531744523,100.687394667444,0.161477870145288,0.163968029027828,0.16546871073134,3292,19895
305,87.8455850369726,115.286863853849,68.1041757285776,0.147157777458683,0.56843998810885,0.209857873436187,92.7507654982734,0.142095221835144,0.214651413093432,0.231090114087551,4598,19897
306,93.6712273641851,121.559557344064,72.661569416499,0.144675617180374,0.567801132911539,0.209319325094834,98.4446925436475,0.146480526169544,0.209179176812377,0.249723645864737,4970,19902
307,84.8684409211023,115.875802189505,64.2416006040015,0.164749456386728,0.538925661521581,0.230236986587264,91.108702850741,0.14876792826682,0.236459841043328,0.266204401567682,5298,19902
308,88.3911314376616,116.268244183734,65.2507456750845,0.14508048704262,0.549462721813743,0.214820465959463,92.592922053698,0.156890756281385,0.208828911226092,0.252688172043011,5029,19902
309,90.8198295894655,118.665065840434,71.8615027110767,0.1456863946485,0.582990440989136,0.203804144255021,96.0177738945315,0.13093087200677,0.214661144908401,0.324355560022109,6455,19901
31,93.7221836687486,112.446449225075,66.6111496645848,0.0968957144628618,0.577063164224971,0.177363975218231,93.0466068747441,0.181003571385363,0.140711134007991,0.217192524115756,4323,19904
310,82.5091623036649,112.649452641599,63.7429795335554,0.167299917828931,0.544326765508943,0.230189697133928,88.9165704513446,0.144229065953471,0.240886647157255,0.422396461600322,8404,19896
311,87.1608048698005,119.405647615827,65.4538383496787,0.16800469294468,0.534187642849368,0.233967513160508,93.672926927092,0.150240119633605,0.2397724096977,0.297230738302257,5914,19897
312,83.2808128793877,117.731063605173,64.0006598046978,0.18736838661577,0.520504991097788,0.250881321491055,91.4442694919998,0.147799085775708,0.26563120357815,0.380880579010856,7578,19896
313,91.8502239641657,117.324188129899,66.3194288913774,0.127712761052511,0.55402186614515,0.203156522415665,94.3711851427901,0.170202582893076,0.184008018313223,0.179434369819661,3572,19907
314,93.5642570281125,113.748709122203,65.3792312105565,0.103497003506544,0.562685375272585,0.186112629021304,93.2335146236443,0.186040472563561,0.148559573777641,0.175255140515811,3486,19891
315,85.2906746031746,110.107638888889,62.7636408730159,0.133847888322498,0.552236582993639,0.207661271714814,88.4248024168168,0.167623502018642,0.19291647439082,0.202714932126697,4032,19890
316,81.9253208868145,105.718553092182,59.8170361726955,0.133724937796217,0.552457840124723,0.207105921832727,84.7793011315072,0.16552193704866,0.193098331578261,0.215272544586787,4285,19905
317,98.9688053881602,116.348457993619,67.6838000708969,0.0856021108470892,0.569971827048135,0.173012196438795,96.6302933128574,0.196590005645998,0.122885758453437,0.141708946601698,2821,19907
318,96.3712267180475,112.687861271676,69.2752087347463,0.0836941154905066,0.601583478898686,0.161106282937839,94.6512889578598,0.172282726406408,0.123443937715672,0.156553215021869,3114,19891
319,87.1702604312517,108.735088210585,61.4665359843181,0.117554368151421,0.550377536777304,0.198930564188121,88.1718982829578,0.184605210476953,0.167632831227684,0.179501357193124,3571,19894
32,90.6184284906727,107.016393442623,64.2289429055964,0.0871091748397657,0.587246884322241,0.168037239085949,89.2010833277358,0.180902372327787,0.126959539449822,0.177869388165502,3538,19891
320,91.4937736870601,112.745804006497,65.7041147807255,0.109972693914235,0.5732844521394,0.185940715339735,92.196249252159,0.169748774418571,0.159826786755624,0.185506955255361,3694,19913
321,94.3624215980365,114.385601308972,70.4360512680665,0.100795429475216,0.605432698355305,0.169580295868378,94.9318053248866,0.15191699518965,0.149893763279014,0.18427135678392,3667,19900
322,111.492589978829,128.366972477064,77.938955539873,0.0745874198844585,0.593375047293671,0.158867316337062,108.164709291843,0.188501347793832,0.108273732544068,0.142476496908149,2834,19891
323,97.780585106383,115.210771276596,73.7503324468085,0.08644447695113,0.62660740565299,0.154394299254213,97.2415536403324,0.14972626065127,0.130069584433596,0.151201367246406,3008,19894
324,96.5993645291739,119.042461005199,71.5080878105142,0.108694320176614,0.588154954992543,0.180209742282998,97.8360974557648,0.159344818218861,0.159906350820384,0.173873738134699,3462,19911
325,92.1448082319925,122.620018709074,71.2780168381665,0.153970429106542,0.55897169261891,0.217427072026332,97.9696936063748,0.144898788063742,0.223188799595356,0.268579468368424,5345,19901
326,87.903025210084,119.555462184874,68.2452100840336,0.165275631943667,0.548404025974847,0.227758828415019,94.6405916241849,0.143355065411269,0.238203315162022,0.298979950756243,5950,19901
327,89.3815554473129,119.691833089787,71.4862802402988,0.15536845292536,0.578641373754837,0.210423828788439,95.8652128772227,0.12353873599095,0.229777001255107,0.309466385287911,6159,19902
328,88.9984523546319,114.662392217555,69.44417422065,0.135875830979968,0.589485937557953,0.19537081517307,93.1371739155353,0.13232056517568,0.201408804117853,0.227263591598834,4523,19902
329,91.9786606129398,118.723950056754,69.7539160045403,0.136330627074591,0.569761511630291,0.203055593909379,95.8655683945475,0.150239985529416,0.198342061566601,0.221356783919598,4405,19900
33,89.2469834087481,110.17439668175,66.6798642533937,0.110754442626699,0.590473686533442,0.180552630391457,90.6250818215107,0.155567444031863,0.163722267454962,0.266613049160551,5304,19894
330,85.3684742337487,113.453182889862,66.502189289323,0.153397016499945,0.563719861351522,0.215166063230878,90.8016429369968,0.140492579644652,0.223522214519761,0.298466951495351,5938,19895
331,94.9657222805177,119.332633788038,70.5827212311997,0.120888222635307,0.578172999170401,0.190694810194707,97.2391616868526,0.15602056515939,0.177032303022402,0.143704448353858,2859,19895
332,91.435538005923,120.312931885489,68.8383020730503,0.145058110640226,0.55794982783772,0.211771893080469,96.1045584443241,0.14999071040697,0.210553416022119,0.254573783675111,5065,19896
333,93.0774265644955,122.938218390805,70.6791187739464,0.149079075495882,0.556569979004399,0.215221286101913,98.2214250573327,0.149839490844681,0.215224564803606,0.314789687924016,6264,19899
334,84.0842936682636,117.390262851224,64.0077690016833,0.181195524374305,0.520173278918198,0.247938243195825,91.5653935373027,0.156632772248896,0.255810092029559,0.388070951208482,7723,19901
335,78.8231506653312,114.022034625841,60.8843897553298,0.198712423099186,0.510655943225235,0.261048667089028,87.7754813700826,0.146084413217129,0.280440377331156,0.351170736609386,6989,19902
336,82.6765738650615,116.378103837472,64.0639578630549,0.18469713877397,0.527434122213384,0.246729502884971,90.683105340226,0.143908533700702,0.26293803753451,0.400683382744586,7974,19901
337,96.556903902919,120.958346999016,68.6644801574287,0.11907415974385,0.557168085224402,0.197022239586706,97.9855842371083,0.175737049236139,0.171433224640998,0.153300819548494,3049,19889
338,98.4690461149716,115.963676563487,69.6569804169299,0.0869411903917744,0.589201936242983,0.167225908627023,96.7610935220951,0.179079314849424,0.126784528817213,0.15916746267156,3166,19891
339,87.4574324324324,112.702477477477,63.904954954955,0.133686066848383,0.553232484785322,0.207064895977385,90.4729766113393,0.165818386476488,0.192608163339989,0.222913947183452,4440,19918
34,101.831953940266,118.902482907521,74.0953580424613,0.0829832685484698,0.606869459997636,0.159176392731979,100.181592006319,0.169674612962576,0.122539754908596,0.139543057996485,2779,19915
340,90.6831086894178,111.627760252366,66.0120447375968,0.109139029470348,0.579641865349844,0.183305406488325,91.5411365332703,0.165514792640687,0.159444015950316,0.175234936428966,3487,19899
341,93.1356238698011,114.908809093258,66.0911909067424,0.109866161309226,0.565350455329944,0.188716897709139,93.7078970540837,0.176844306730332,0.158677807953004,0.194610627922176,3871,19891
342,83.1001239157373,107.066171003717,59.5905824039653,0.134040541803646,0.536437428055324,0.213736930704934,85.7223235971887,0.182808861684339,0.190640964848522,0.202774008744158,4035,19899
343,95.5677741840635,116.414877977066,68.7036165833578,0.103872851210007,0.577086122546409,0.181381726732181,95.7739442641691,0.17377784331521,0.150914359641845,0.170775797137836,3401,19915
344,88.7529321774605,114.355685874554,65.6904640489546,0.133428835275657,0.560418512710206,0.204354278006462,92.0044287249565,0.15982331569839,0.19328815713267,0.197154778062635,3922,19893
345,104.170257859414,120.535853055457,72.4249381843871,0.0763414301007137,0.590167516700371,0.160758358438237,101.19878848674,0.18859835346954,0.110865240363658,0.142332830568125,2831,19890
346,99.2422723475355,116.586466165414,72.4469507101086,0.0855463292301419,0.606936910270204,0.160546021976546,97.9681212122389,0.166567795341742,0.126407586813991,0.120319646177816,2394,19897
347,93.0689847009736,115.999443671766,69.0305980528512,0.116080338629033,0.57871156270572,0.188126394719606,94.8739287718502,0.161813819274033,0.169428345844328,0.180598814427811,3595,19906
348,95.4082714740191,117.562831389183,70.6476670201485,0.108561490250124,0.587886833630663,0.18033685284436,96.6442992612098,0.160057854735573,0.159436050758539,0.18961443723923,3772,19893
349,90.974212034384,121.001611747851,71.1602793696275,0.153276447392697,0.565435276806558,0.214599139566173,96.8745594805051,0.139663591065384,0.223439200766053,0.280659429030961,5584,19896
35,92.1539426523297,112.762365591398,69.9840501792115,0.107016955735727,0.604247802596828,0.173947356546498,93.472352274446,0.148949416816087,0.159129180035023,0.280416101311624,5580,19899
350,101.883974553166,126.642532565889,75.4586488942745,0.117617392585485,0.575477356518883,0.190391434283379,103.743731657375,0.164336529016006,0.17099864247045,0.165912746280659,3301,19896
351,81.8314157078539,113.52276138069,66.3378355844589,0.172547120143434,0.565123744199485,0.224794271638711,89.6719981136152,0.118000177127216,0.254498716999616,0.301432520733853,5997,19895
352,88.7889987853548,117.28717681763,70.0898837411071,0.14954906063196,0.578252531393751,0.207475274114274,94.3451092403715,0.130173392497568,0.220256833286243,0.28956888754899,5763,19902
353,98.565130260521,124.159652638611,76.6263638387887,0.125331706451734,0.594492170841368,0.188374957755096,101.926453253184,0.141523221480621,0.184938756944032,0.225655712993669,4491,19902
354,92.7172473867596,120.460801393728,70.5238675958188,0.140518311216331,0.565636537308319,0.207126093159353,97.0241463238134,0.150737018853335,0.203882452455094,0.288413224801527,5740,19902
355,93.1645443692797,118.886390768006,69.5843613211301,0.129394769641231,0.570726654513611,0.198486428399602,96.2531913876895,0.154938186229381,0.188138478492766,0.252537433423776,5026,19902
356,87.3984164420485,117.912061994609,65.2407345013477,0.158966257096275,0.537532010515925,0.227468717466376,92.9951015073296,0.155697181539559,0.227514062626192,0.298291457286432,5936,19900
357,86.7696465089103,119.121384750219,64.9824715162138,0.172558018756077,0.519189910710186,0.243604436866418,93.3694732673189,0.166685904892251,0.242228200161338,0.344141155180214,6846,19893
358,76.5315533980583,105.565048543689,56.5736245954693,0.171492048535485,0.51963804547586,0.241388363225336,82.35775655066,0.160448371399847,0.242804997669465,0.310615199034982,6180,19896
359,81.8565812660973,115.854005693371,62.9076860512403,0.185100066209409,0.521592248976128,0.248932565974591,89.9181384818531,0.148184867714449,0.26298803356133,0.370778045838359,7377,19896
36,94.2582897033159,116.047818499127,74.526352530541,0.113530802858557,0.616461186997158,0.173727599828678,96.7232830959642,0.132875684112905,0.17008022138739,0.288069981398622,5730,19891
360,83.4513513513513,115.761670761671,65.0517199017199,0.176589840119867,0.539207795607527,0.237582260073182,90.8812151925418,0.140472151420052,0.253337586783917,0.409086340335712,8140,19898
361,98.1548538797447,120.865300638226,69.1766879408801,0.109619615971384,0.562476905344588,0.189587776877387,98.5607163387536,0.179813072146713,0.15805527883865,0.149605507814463,2977,19899
362,94.1877428998505,116.130642750374,65.8239162929746,0.111196725315667,0.555992580816243,0.192944165840601,94.528734821121,0.184389992384055,0.15920062400626,0.167980716115101,3345,19913
363,105.05367965368,119.516017316017,76.034632034632,0.0684528374184174,0.624217190898952,0.144777701114925,101.966694528099,0.168602884793361,0.101926233541389,0.116132924438188,2310,19891
364,100.258921791951,114.506833712984,70.001138952164,0.0707040363827746,0.600805320406345,0.153601898671058,96.8685228812654,0.184505954458478,0.103875878412789,0.132408384858996,2634,19893
365,90.2950776520137,112.785206633325,62.4998683864175,0.115587205390093,0.544580842253946,0.199442114224151,91.060728422148,0.189831142341779,0.164735012696655,0.190837393881549,3799,19907
366,91.2883884970157,109.742810634835,62.6945198046663,0.0980278469514312,0.55744335873983,0.184934047364979,90.2164183721193,0.196769421376275,0.139723509861069,0.185179603114795,3686,19905
367,95.4856957087126,110.253250975293,64.9187256176853,0.0759390749805431,0.578493124773828,0.164379720476982,92.313172237491,0.198453387744447,0.109429891295443,0.15465057817999,3076,19890
368,92.6447118429386,112.018682710576,67.2925902469918,0.0998399712065338,0.590398827958154,0.174230882547514,92.6662014881903,0.165522763801548,0.146412947248579,0.158749308802091,3158,19893
369,94.1219931271478,113.975085910653,67.3734249713631,0.100873246333217,0.579232130658285,0.178780969189053,93.9721913120785,0.174282774613401,0.146673527151534,0.175433308214017,3492,19905
37,95.3925846447306,128.719241773963,79.2999523128279,0.167736936688003,0.58302953272546,0.217266797888683,103.639873065622,0.113512364427756,0.246998600118613,0.421528720036183,8388,19899
370,99.1626286093594,117.640557583804,73.4477265184202,0.0905483837477214,0.609946120965325,0.162507735210491,98.6096743782631,0.159616665695248,0.134238822027197,0.151414643951957,3013,19899
371,92.237242614145,111.003879438973,66.7135183527305,0.0975077173027791,0.585652184442609,0.174865269776149,91.9951636438401,0.173553119459753,0.142326169870208,0.168468151425268,3351,19891
372,98.0973451327434,116.119469026549,70.502042205582,0.0882788150354595,0.595357876449959,0.165975752514393,96.897635127518,0.173047981077401,0.129459682034744,0.147630772322999,2938,19901
373,91.160373608903,120.336049284579,70.6198330683625,0.148025206736754,0.564687761998232,0.211837289151911,96.5074631147621,0.145259694244179,0.215504459327617,0.252851615496709,5032,19901
374,88.1105284388866,117.021379588544,68.2585720048407,0.151395844859567,0.564251601500473,0.213588210832215,93.5823875093237,0.140551114110165,0.220678019025401,0.2491206913878,4958,19902
375,95.4557075577484,124.137699035658,74.0235478806907,0.140646912299361,0.572408448304647,0.204589184319473,100.273148748265,0.144601738800516,0.205975879095752,0.224047834388504,4459,19902
376,83.2454579162032,112.051167964405,63.5802743789396,0.159533787512408,0.548049872150532,0.224154591714852,88.8580115063425,0.147038910324303,0.22999823225677,0.271123397838653,5394,19895
377,85.4116062176166,112.785077720207,64.5944041450777,0.149200862356024,0.548909114245233,0.218470050511885,90.0913274751633,0.158929544619394,0.214083695060443,0.242523247046997,4825,19895
378,98.1645033112583,121.988874172185,71.7668874172185,0.115981832182078,0.569312909396047,0.191510402990908,99.7009789332651,0.170655994423374,0.167896194370242,0.189746167378738,3775,19895
379,87.5174705658944,117.842195214584,66.4973414356248,0.155078216281775,0.552642858093195,0.219300828528295,93.2578199751732,0.144313940373342,0.224966557275134,0.264636413890145,5266,19899
38,105.02652942882,136.073644534648,82.3699623079153,0.138706528301566,0.587007365522272,0.198527396972697,110.343601059298,0.134027834533838,0.204189406206458,0.346598331825947,6898,19902
380,103.708888888889,124.138412698413,72.652380952381,0.096035128685338,0.571548587198189,0.17870474280964,102.590655143769,0.185716719036007,0.138376987251019,0.158299412030755,3150,19899
381,93.6667334669339,120.426853707415,67.6655310621242,0.133938100567531,0.543057217454397,0.211390122699583,96.643152462654,0.176676320125437,0.19072778691053,0.250728569992966,4990,19902
382,84.3662045972978,113.405685207931,64.0252675908054,0.158852851691073,0.542818853793228,0.225906398555155,89.8914061937059,0.153774887812099,0.228053328482223,0.28636751922014,5699,19901
383,76.5087006960557,106.747099767981,58.447505800464,0.176833269013459,0.530829183947161,0.23995052991122,83.2828522617062,0.144121333298864,0.253594302962369,0.346497839413124,6896,19902
384,84.9357379767827,118.510088446656,65.5778054173577,0.181125223959216,0.529075655974446,0.244219560901748,92.6604893307491,0.146519911288376,0.257716010284073,0.363618090452261,7236,19900
385,100.374228675136,121.505989110708,70.5633393829401,0.100999331500182,0.571144884161896,0.181564352825841,99.8915421941966,0.18068636194513,0.146071473220831,0.138414389067524,2755,19904
386,105.575875486381,123.423770781747,72.3180049522462,0.0825097258404856,0.577012941848076,0.168890369345894,102.836768506442,0.193693065538417,0.118495583162188,0.142124578955306,2827,19891
387,95.45737913486,112.677162849873,65.3813613231552,0.0885593724889041,0.566608368024917,0.176020627824905,93.4376410899062,0.197510929615971,0.127078953210463,0.158045543658573,3144,19893
388,101.703308431163,114.768765563856,69.4564212024191,0.064482874209521,0.595617615179788,0.15177038980498,97.3241569089653,0.194776394472942,0.0938627724607883,0.141142799758988,2811,19916
389,98.4273343373494,110.261295180723,68.6818524096386,0.0599987280873005,0.613959253582029,0.143020941952609,94.2016811992339,0.183877721673873,0.0885091107437099,0.133474043921805,2656,19899
39,95.7971384048732,127.594560135997,76.9447513812155,0.153342444407625,0.587150372822002,0.206041688750544,102.542250232211,0.117188242772971,0.228079681348986,0.354687971058185,7059,19902
390,110.159466104672,121.041095890411,74.4018264840183,0.0498661514893554,0.605088759314991,0.140083543942619,103.900688142567,0.201071259569947,0.0726019356546433,0.143130058820572,2847,19891
391,98.5265320095858,111.203697363916,67.3228346456693,0.0650192535727257,0.591385928874003,0.153848278060108,94.3247899902765,0.199224723653592,0.0939588125520985,0.146806051163492,2921,19897
392,93.8169659915934,108.254107756974,66.2613679786015,0.077658267905239,0.601392443983413,0.157552424079386,91.2830804465775,0.17773199947968,0.114168595821687,0.131467899125892,2617,19906
393,102.650510204082,116.412900874636,70.4380466472303,0.0668107200158943,0.597466625459067,0.152552100927162,98.5214438945348,0.190839139826839,0.097221499915391,0.137924101533049,2744,19895
394,102.352268535596,116.568793803025,72.0767244559203,0.0679958810313941,0.608026273417302,0.149858667061489,98.8921473783217,0.181826652995675,0.0998856039448176,0.136299648064354,2711,19890
395,116.236670293798,124.898258977149,80.8955386289445,0.0378530545914945,0.637506992566767,0.122672285270736,109.124280984857,0.187495820037225,0.0560866993364737,0.092329331390968,1838,19907
396,95.2161218660743,112.207235798159,67.3957473817836,0.0861130209375823,0.58984220781691,0.166486379308402,93.5964075302491,0.179313488039839,0.125795815929109,0.15830193418739,3151,19905
397,91.979630328178,120.284420973218,70.5997736703131,0.142896631049745,0.568041017882439,0.207438400938618,96.723647916821,0.14582384629585,0.208396092156601,0.266485725774025,5302,19896
398,91.5384191176471,120.922610294118,70.0544117647059,0.146710970189119,0.564411578851452,0.210699251860398,96.7134737525597,0.143942502523492,0.213535895633279,0.273380571888035,5440,19899
399,97.8008119079838,121.219756427605,71.7956698240866,0.112337121202306,0.579307237208487,0.185428029659276,99.2193831206865,0.1634410917084,0.164144646010483,0.185650404461639,3695,19903
4,86.8445340501792,108.622311827957,64.7896505376344,0.11879809158691,0.581285939039418,0.188421298060386,88.788583320036,0.155701457260605,0.174305876036108,0.224175161954502,4464,19913
40,102.2943007987,133.554622986327,78.6457289833491,0.14658573363142,0.562555282878178,0.212638052369136,107.574826205491,0.151440549850774,0.210904652280811,0.371187377518718,7387,19901
400,98.7291317465639,123.022460610124,71.0744217230976,0.118677822526191,0.558483689625295,0.196944415660002,100.163404503212,0.17756099267824,0.170251155451467,0.149884433725254,2983,19902
401,92.8429661941112,118.2586695747,69.9129770992366,0.129540048877563,0.573507558986158,0.19783129023543,95.9873024852466,0.153776504403468,0.188680421680949,0.230378856396342,4585,19902
402,93.5352803240247,118.874440417821,71.3319121722447,0.128093308109652,0.583277640116294,0.193346632973333,96.7820570739448,0.145828801566851,0.188172755786337,0.235704954275952,4691,19902
403,92.5755619853105,115.437346984198,69.188070331627,0.115733114126239,0.589321580347925,0.183592991362317,94.4746709625188,0.150302348070894,0.170777351384977,0.225824286288701,4493,19896
404,100.43967611336,122.218083670715,71.6736842105263,0.103853716370349,0.571417475534238,0.183398807443304,100.479766652947,0.17877019724608,0.150122562965797,0.186246418338109,3705,19893
405,82.6399426203379,113.449314631814,62.1145999362448,0.169572158247237,0.521547139508522,0.240649305325009,88.9616949445785,0.165955384320271,0.239341025435844,0.315339766787294,6274,19896
406,82.4905177603853,114.671131848284,64.5597531607465,0.179271878049085,0.535739649456952,0.240862803589279,90.0253730594464,0.143566973226041,0.256310677056072,0.333936469642139,6644,19896
407,75.7572410076788,114.223225111141,56.2341371413175,0.218035289543281,0.46868154299753,0.289229053704548,85.9174975212703,0.171771184076673,0.2987946828897,0.372996331842621,7423,19901
408,84.7551278449003,116.684883394212,65.8465861196965,0.172570498880742,0.541736069168181,0.23434932425911,91.8584979151864,0.141931236227508,0.247767862584537,0.357670468820662,7118,19901
409,97.2009345794392,119.830529595016,73.2685358255452,0.113575702807645,0.592256011766366,0.18194571883481,98.9364111230122,0.152422535412166,0.167004949197542,0.161347072128676,3210,19895
41,98.8086560364465,130.267215700018,72.5884002102681,0.148526643261374,0.537909167532591,0.222230759626705,103.61503092997,0.169203088646423,0.210638858555519,0.286769509069896,5707,19901
410,99.5206842923795,120.190046656299,72.306065318818,0.102938738704275,0.589017802788241,0.176598977256288,99.5341003347649,0.16417526507178,0.150636030321477,0.161549670870811,3215,19901
411,89.3237221494102,108.551441677588,66.1802096985583,0.10358434113374,0.594591589046643,0.175100407157405,89.8969774228472,0.159361300575826,0.152773779568011,0.153282105368892,3052,19911
412,92.2675675675676,114.504324324324,67.5918918918919,0.113982983249606,0.5780037200715,0.186661211698514,93.6475844489534,0.162330390082457,0.166566942772568,0.186023127199598,3700,19890
413,91.7030941408822,107.370967741935,66.862409479921,0.0824380733294001,0.612498329666197,0.156582528093755,90.3201461548585,0.163779049615853,0.122606091846999,0.152717036143367,3038,19893
414,91.1223098995696,106.482783357245,66.877331420373,0.0824538029492966,0.615699473086357,0.15555595033537,89.8047309919778,0.161653708931421,0.123036912772943,0.140072347266881,2788,19904
415,93.8579169175196,111.94641782059,66.2805538832029,0.0932175498783675,0.580078468404349,0.174067119047006,92.800372017516,0.181055962733082,0.135149883300713,0.166943062465451,3322,19899
416,93.9551345962114,111.388833499502,66.7756729810568,0.0897663800006655,0.588252283830155,0.169191779422148,92.703617642329,0.177168401372469,0.130924327002889,0.151282051282051,3009,19890
417,108.989073881374,119.451612903226,74.9157127991675,0.0485779873894531,0.618232428275873,0.134962289984694,103.005452511616,0.191673364592126,0.0715793254641165,0.0966120438323113,1922,19894
418,92.2483492296405,110.305209097579,66.6544387380778,0.0952374755549404,0.589861818555477,0.172138202510485,91.7047520905468,0.171997106892343,0.138901100120442,0.136874874472786,2726,19916
419,111.451400329489,122.283360790774,76.4914881933004,0.0496799621554325,0.613989663505002,0.137180599168136,105.363556772201,0.194658561570552,0.0727186271890628,0.0915259348612786,1821,19896
42,97.0026692087703,124.057387988561,72.9733079122974,0.130691689796288,0.572599523407797,0.198553753810441,100.433427277009,0.152129642429568,0.190641787306385,0.26356783919598,5245,19900
420,102.474247685185,117.566550925926,75.6822916666667,0.0761954816045289,0.618739865703545,0.151695161402401,100.371153202799,0.16761815016416,0.112404154181043,0.173755656108597,3456,19890
421,92.6994354681721,120.954837453767,71.5121666342223,0.144699682542593,0.566186150749112,0.209638728878127,97.524502682744,0.147574483674064,0.209910803609991,0.258114762335444,5137,19902
422,88.2305619707467,114.743264049269,67.4730561970747,0.138979400486758,0.574100276146488,0.202642449399063,92.4430016314718,0.142416510366469,0.203583443128352,0.261131772037391,5196,19898
423,91.5215869311552,119.836306051009,67.7157859643274,0.141180218611794,0.553564784623043,0.211292869924653,95.6713182715423,0.157930329313112,0.203503556688707,0.301533048504649,5999,19895
424,89.4960400166736,115.719674864527,69.3924551896624,0.14032639417687,0.577839479658263,0.202439473390402,93.7680533427734,0.140046113641517,0.205963700471158,0.241166122141242,4798,19895
425,88.2351571594878,115.312766783081,69.429957314707,0.144354736541195,0.580318701941908,0.203947296024169,93.1834809075982,0.134177564818039,0.212496027726323,0.259047044632087,5154,19896
426,85.4958077138066,113.506055524502,65.7125023290479,0.151244328243617,0.558663526788544,0.215662074912561,90.6568707003132,0.146343380885342,0.219469838161226,0.269657840526554,5367,19903
427,84.5215580087482,114.787544261612,64.7940012497396,0.159604231205031,0.551731669511336,0.222244471641815,90.6267429626784,0.141084105219858,0.231833490052093,0.24126840544751,4801,19899
428,93.3585635359116,118.022651933702,71.8187845303867,0.125482255363392,0.593288568060021,0.18814340130964,96.4948528625421,0.139203609101937,0.185765408244551,0.272836900813989,5430,19902
429,88.5180265654649,115.501106894371,69.4456040480708,0.143756685540153,0.578910532508528,0.204127077737751,93.374544980812,0.136174532158234,0.211224534594065,0.31777297623235,6324,19901
43,97.5983455882353,125.862898284314,73.0225183823529,0.135828248036415,0.559363872908786,0.206766504545423,101.431518528053,0.161298219798348,0.195804657701854,0.328155632634595,6528,19893
430,85.0193229247179,113.159220899675,67.2835059514608,0.153064691379599,0.577807929912229,0.209214577844899,90.7351386831083,0.125622926746478,0.226233255639638,0.32504270927545,6469,19902
431,82.6151658767773,112.514962762356,66.557345971564,0.165580805453045,0.570054512947354,0.219424490620283,89.5617921617719,0.121832121628016,0.243706927040926,0.371180136710897,7385,19896
432,82.4585794094174,113.967278531524,64.4490023942538,0.173448873975715,0.545999684483902,0.232743470878857,89.6294339224377,0.135179992743227,0.250886788909879,0.31488741455569,6265,19896
433,84.5451094890511,109.986277372263,70.9903649635037,0.14684824679497,0.616317098130026,0.192749717997294,90.3794938209681,0.101797656034769,0.222037558229077,0.172015468836322,3425,19911
434,78.5626903553299,107.624873096447,63.052538071066,0.170103242125398,0.566315350250434,0.223233596915003,85.4151393104335,0.120178056210672,0.249986194521189,0.197940216026124,3940,19905
435,75.798687602531,104.34473869229,61.2903679400047,0.17186758298567,0.569369097232524,0.222667012189331,82.7334787211905,0.114212664714296,0.254201834498509,0.214529914529915,4267,19890
436,78.4772125066243,105.809485956545,62.1009538950715,0.157808425865935,0.574357895830871,0.212599130993994,84.3200170723324,0.122099654056891,0.234039557709564,0.18969590349334,3774,19895
437,77.6858945470933,106.311626858945,62.6036502929247,0.166205752837676,0.574625022587089,0.217332974426121,84.4252575770354,0.114070688111931,0.24680191351689,0.222936655447832,4438,19907
438,73.3995194408038,102.096985583224,60.8466579292267,0.178522006877778,0.576357083194015,0.22361929465407,80.9271186819246,0.101349606182237,0.267006353588255,0.230096501809409,4578,19896
439,79.4258018190522,109.318812829105,63.5598372426999,0.171682041474857,0.559480217271194,0.226767464451681,86.534456427389,0.125455675780246,0.2511375639598,0.210044743854004,4178,19891
44,104.792119779354,137.536485421592,74.4860520094563,0.149412061416926,0.514760030733982,0.232289734635515,109.087362453451,0.194679597601192,0.20688149403042,0.318908323281062,6345,19896
440,85.045989597591,111.251574048727,66.0980016424856,0.143088967228661,0.579059742387709,0.202998601659941,89.6616861257489,0.133809379597356,0.211201683585022,0.183549392020902,3653,19902
441,87.3908076514346,111.674017003188,65.8310308182784,0.130028068704813,0.576787964743804,0.196252166967682,90.4862058016746,0.147862037479288,0.190958049854921,0.189041233489026,3764,19911
442,91.2697506758786,112.137578852508,66.4731150495644,0.110521360149349,0.575545224730114,0.18592233881155,92.1077378613128,0.169734490898464,0.160616818105045,0.167345297340773,3329,19893
443,94.1442755197021,116.211604095563,67.2280484021098,0.112759272150745,0.562780129822768,0.191990532867191,94.9326953110433,0.17955827612768,0.161717175364946,0.162016789825567,3223,19893
444,89.5784285300087,111.91678747463,66.160046390258,0.116618511659839,0.577999724776076,0.188218015124627,91.3344622353394,0.160065702642035,0.170814320489627,0.173229532898041,3449,19910
445,86.1637803979366,117.325350036846,70.476050110538,0.169001582149742,0.575860931154782,0.219378681854953,93.7264410249855,0.114029632732364,0.249849186805721,0.272750113059645,5428,19901
446,81.2096333853354,113.311037441498,66.3519890795632,0.179581157357235,0.56512825125381,0.228912326087993,89.4641903330235,0.111761591732009,0.264754031929359,0.257662546477741,5128,19902
447,77.3244444444444,107.278148148148,63.1724074074074,0.17388350019535,0.574619762159967,0.221496640235874,84.8841576196114,0.106017845262789,0.258895518482171,0.271329514621646,5400,19902
448,80.0966939210807,111.668858869534,64.0520796302879,0.181466376277336,0.550825916125094,0.235588060135205,87.8865392567306,0.123963462272819,0.264086477467494,0.282685157270626,5626,19902
449,80.5600384245917,108.62944284342,62.3446205571566,0.162289352019073,0.550680225147646,0.224802749354972,86.3006070551484,0.143155498002569,0.235158400454747,0.209235716798151,4164,19901
45,97.0222837370242,129.945190311419,69.7584775086505,0.159621469082915,0.50969075636858,0.240233539338364,102.335551570914,0.190627326883403,0.221088424811897,0.363156572003016,7225,19895
450,84.7906321986179,113.752239570003,66.342718198106,0.158916575544731,0.561910973417315,0.218834925856743,90.7259489172325,0.13602954738548,0.231558416439004,0.196420491679654,3907,19891
451,82.8540999057493,111.854476908577,64.7579641847314,0.15789801816063,0.564915344614768,0.216384159035549,88.8852459603122,0.131294190654334,0.231858126299099,0.266636509851226,5305,19896
452,85.2128328790103,115.690291465716,65.6110295659467,0.164484351446491,0.549374596865158,0.226211344245769,91.4897129364036,0.139736286719309,0.238039893944436,0.239684374528823,4769,19897
453,82.3751214771623,115.500323939099,65.0774214447684,0.183064280416497,0.541127216764865,0.240218305627484,90.4598543209967,0.131214665686006,0.264164197207982,0.310251256281407,6174,19900
454,82.7058202918938,115.011781255495,65.1023386671356,0.178884787846572,0.543963781819197,0.23692912236427,90.3748948033267,0.133220085084486,0.257958539287207,0.285764534445505,5687,19901
455,80.37336523126,113.866666666667,63.7846889952153,0.185471909549679,0.54187756580594,0.240884797334737,88.8232991542176,0.126542845932391,0.268657415477017,0.315059544746495,6270,19901
456,85.5225011139165,117.254567057775,67.9768305361652,0.173650621759064,0.554430592668087,0.230485630288993,92.9482962301454,0.129922388126715,0.251147706973597,0.338307707768064,6733,19902
46,96.0571643474991,129.879403284443,70.1289958631064,0.162582703789246,0.516980789289712,0.238455957934681,102.036349362939,0.177061471079712,0.227569521709329,0.400854271356784,7977,19900
47,104.225036982249,132.560096153846,79.7703402366864,0.130154829672177,0.581868811970196,0.195381312609663,107.996603126269,0.146443475999025,0.190296111848882,0.271731484272937,5408,19902
48,97.068032324751,129.381131366285,74.9840255591054,0.16191435906565,0.546814338518929,0.227614295544891,103.418368555656,0.152259276689192,0.2302685638311,0.267360064315144,5321,19902
49,97.7610642107956,121.138654387311,68.5111281657713,0.111925748937553,0.553064333718343,0.194513770880162,98.3862505632562,0.186827089421,0.160171345447508,0.196323640198885,3909,19911
5,85.5075458138699,107.810276679842,61.3647143370464,0.121588764980241,0.555597477978693,0.199175769957995,87.1810707334492,0.175318128194703,0.175090952885754,0.279740664421772,5566,19897
50,98.5646258503401,116.926244181883,66.593984962406,0.0907027603255085,0.554390222939264,0.181703990713418,96.4992870712337,0.206686702209999,0.128774456015507,0.140337654507085,2793,19902
51,84.4540957657301,108.42560348239,60.9523149980214,0.131566310008522,0.544947083737503,0.208943213760631,87.0105615619009,0.17598180029869,0.188421219766763,0.254033676803217,5054,19895
52,93.3541505042669,115.75232738557,67.4730411171451,0.111978307452694,0.572160299697452,0.187622123257801,94.4436153987769,0.169205912491651,0.162649285446995,0.259199678262618,5156,19892
53,104.138851351351,122.150337837838,70.5793918918919,0.0830783469297251,0.566347583272377,0.17280929808769,101.40294043129,0.202239975101868,0.118874583614654,0.148691415080123,2960,19907
54,95.4897875816993,114.219362745098,69.1760620915033,0.0955166052439052,0.59293323867627,0.170923332658481,94.9370847351762,0.167862207793543,0.140361434773086,0.246091982910279,4896,19895
55,103.965492791302,120.358307728669,75.8161191207752,0.0768635912651496,0.618757126167974,0.151452564962872,101.860547810052,0.164777307567513,0.114429473256482,0.212666499120382,4231,19895
56,89.422063253012,113.287085843373,65.9401355421687,0.123738396424091,0.569547408491802,0.195334785661622,91.7903333935031,0.160429689016817,0.18033980577984,0.266907848457441,5312,19902
57,94.412715288114,114.007229428025,68.8883691260897,0.0998958316477726,0.59121234959348,0.174223957094433,94.4402164627572,0.16559575025675,0.146438583778907,0.236212958312406,4703,19910
58,97.9152752009895,119.791589363018,70.6817151102865,0.108062974994476,0.57052699745726,0.186799759570576,98.4427162510662,0.17824513213584,0.155618713176692,0.243891402714932,4851,19890
59,101.536390101892,120.952450266861,72.347646773411,0.0925214806775948,0.585432102351765,0.172069118275642,100.469392547887,0.17805848192987,0.134455867725877,0.20721898250553,4122,19892
6,80.9784588441331,101.960070052539,59.2628721541156,0.121692251914035,0.562277133375841,0.197040108850895,82.7850600162221,0.170541079439643,0.176327387294612,0.287035640677625,5710,19893
60,94.3609488405027,115.723844928306,71.437599575146,0.106331159952185,0.605836423574045,0.172746638806939,95.7161350633244,0.146680035458579,0.158342635819055,0.283698272398554,5649,19912
61,97.7102739726027,130.100547945205,79.3308219178082,0.157120947232555,0.582843080194695,0.210924930887296,104.850449007985,0.122320000260904,0.231394635419014,0.366871042315811,7300,19898
62,95.7984377179523,130.436741526015,76.6828009485284,0.165528057575613,0.568451844213229,0.220190232461125,103.710674595979,0.123459310874838,0.242732744132771,0.360323683152392,7169,19896
63,100.79053472649,131.659987707437,80.5461585740627,0.143534665754155,0.592230986044882,0.199153082692865,106.709878129829,0.12427402869787,0.213117100844216,0.408876156011259,8135,19896
64,99.9791425260718,126.263470451912,77.8060544611819,0.126660675032158,0.594810417741822,0.188992264051467,103.538901302315,0.139778595313603,0.186934203851505,0.347004422999598,6904,19896
65,97.7268244575937,127.400197238659,73.8686390532544,0.141250598126055,0.561332096744511,0.209070924043313,102.323769544101,0.153672644774225,0.204369284055168,0.254761067283051,5070,19901
66,102.516318155169,129.075043971077,76.5841313269494,0.123408284880611,0.574434092966101,0.193998678327313,105.181700985948,0.158906921142633,0.179631179092147,0.257161523771233,5117,19898
67,95.5665418871821,127.526913643991,69.9683748547825,0.153541305088162,0.529545611037419,0.227954127692919,100.767883255579,0.171040810372142,0.217170813015301,0.389257361069239,7747,19902
68,98.2006147872513,128.22148519657,68.875910046918,0.144362183798594,0.514780564865671,0.228684623618413,101.712973017445,0.196242544781172,0.200348552500195,0.310571801828962,6181,19902
69,91.9874345549738,124.33167539267,67.2251308900524,0.164838863221107,0.512611939935872,0.242000435837892,97.7531579211217,0.182349752556276,0.229232821038349,0.383881016983218,7640,19902
7,86.3160331854139,110.909318927262,61.9073895427359,0.131970145193564,0.541713326806139,0.210589394145213,88.8930322198148,0.179396567281645,0.188143099210976,0.260557007842349,5183,19892
70,107.420217848271,135.914198356583,71.1226829734378,0.125598701517252,0.506808013212641,0.220134578281838,108.43965987138,0.21945965200624,0.172757010330386,0.263004473036136,5233,19897
71,83.9470524857627,119.758811759274,62.8611666923195,0.188350619341337,0.504954628026564,0.257279257137893,92.2515260472573,0.160912007255191,0.264184281446925,0.326564463433023,6497,19895
72,101.23459631728,131.214943342776,73.5336402266289,0.14127640526913,0.540414752194194,0.217145235123947,105.037414606865,0.173820801040445,0.199794266149606,0.283890424729832,5648,19895
73,92.6818802951626,116.058485925116,67.2891500409948,0.117308771927602,0.566692087558128,0.192760856719884,94.3248103392325,0.169652413703376,0.170067059130701,0.183934047152265,3659,19893
74,87.6513401612552,110.692743517106,62.014164305949,0.122594365197644,0.542759403388085,0.204628412491009,89.2448659241051,0.187198479026474,0.174788275288357,0.230718954248366,4589,19890
75,97.3339401820546,118.306631989597,64.7581274382315,0.1023028677893,0.533207640573936,0.196015894513584,96.2323439771345,0.214310799822493,0.143542354415524,0.193206371539119,3845,19901
76,92.3139418254764,110.731862253427,60.440655299231,0.0946147002189959,0.537273323831733,0.189721549487283,90.4079146696562,0.216161369545514,0.132722296962556,0.150263752825923,2991,19905
77,82.8121488764045,110.882724719101,59.7772120786517,0.152612162486962,0.522842259996399,0.229348802177725,87.2700710762976,0.176194520039559,0.215883865016073,0.286375062845651,5696,19890
78,84.8302378059365,108.720361048429,62.5151883353584,0.131748715461095,0.55473482786483,0.205809677032656,87.6399215406352,0.168463783700246,0.189813191587993,0.28964303670186,5761,19890
79,99.2235572854967,123.785750550008,70.1766796412252,0.118284055226597,0.551634617676138,0.199076256493286,100.409623526044,0.183449067686849,0.16866030087576,0.296770629300387,5909,19911
8,82.2527614138439,104.885677466863,60.7470544918999,0.126989450203296,0.566651808052503,0.198068246524069,84.734947436482,0.159289290151341,0.185286205776421,0.272827724761426,5432,19910
80,81.1699061662198,106.243632707775,61.089644772118,0.141062110441153,0.5618564508174,0.208001657871302,85.0731483825133,0.15044823281373,0.205530049055161,0.299824164782718,5968,19905
81,95.0115999124535,113.103086014445,71.7108776537536,0.0919312668102721,0.621110996815938,0.159383451888418,94.9571078565646,0.148654004228552,0.13784472422485,0.229713423831071,4569,19890
82,94.9767853194782,116.806986513376,70.9745743975238,0.10920588175088,0.588915252537966,0.180737559355825,96.304255542074,0.160600661911893,0.160453312596976,0.227332127060716,4523,19896
83,93.1443531827515,114.567967145791,67.54681724846,0.109687793240966,0.573433632504986,0.18621605960331,93.9465486379782,0.172182712532967,0.159249962615988,0.244563852759504,4870,19913
84,94.4854645978241,117.193329766363,71.8443017656501,0.112769117338085,0.599392192800327,0.178721338338662,96.4745260090086,0.146360461945339,0.16758868700169,0.281801276574358,5607,19897
85,94.4777547853078,128.115752715986,77.8261769270564,0.167061871677004,0.579871582250646,0.217639200768444,102.658275313835,0.115692798357098,0.246216574220065,0.388503667973068,7732,19902
86,98.6788667181127,132.302612721861,80.7655164810936,0.157751948593155,0.590154863326046,0.207987844433857,106.405791960092,0.112690308245147,0.234846865953807,0.455783338357954,9071,19902
87,91.1250822909809,125.847267939434,73.6463462804477,0.172743396432384,0.563457550484221,0.225971065455099,99.5775506286621,0.120702292481709,0.253363487161898,0.381639113612381,7595,19901
88,95.0029833783208,126.741440545532,73.0909220059668,0.157850934811665,0.550513767467956,0.223143715769149,101.049362940048,0.150191772914809,0.226670063296125,0.353700819054319,7039,19901
89,112.622549019608,138.685767410412,84.4646720757268,0.113924001838867,0.584851087714088,0.185756255580283,114.40222374025,0.162694868791554,0.165238351307131,0.297361146016587,5916,19895
9,84.3672230652504,106.754172989378,62.3224582701062,0.123860647064639,0.569974499891692,0.195141279703566,86.5829578158707,0.15984840811356,0.181107847956741,0.265057817998994,5272,19890
90,102.489856801909,131.081891408115,78.9164677804296,0.133236181605072,0.579811696958546,0.198113603679755,106.596114214953,0.146373847139852,0.194591646451844,0.33696908771048,6704,19895
91,125.038143216985,141.814681540122,87.1658870097157,0.0659677522598846,0.6040497596492,0.150085137038537,120.358498511195,0.187185697243068,0.0962685958552213,0.13968333752199,2779,19895
92,93.2944691282366,124.761758847863,65.6399571012716,0.156819871908455,0.504648804015302,0.239660293236024,97.9572823985467,0.193645706588275,0.21683551444965,0.328039402925064,6527,19897
93,91.7909267480577,123.855993340733,66.5055493895672,0.163640503247332,0.510490417854404,0.241871751907617,97.3163421114691,0.184157450253103,0.22746242136442,0.362174655813486,7208,19902
94,92.7221973595883,130.111993734616,64.6256433206534,0.18140915484637,0.47535778590506,0.265624158274658,99.8828916266113,0.200570422556605,0.246863090073346,0.449100592905236,8938,19902
95,NA,NA,NA,NA,NA,NA,NA,NA,NA,0,0,19902
96,101.709701774254,132.964326160815,74.3295583238958,0.146615651477383,0.537066869208987,0.221640558700525,106.125700697917,0.172537423973297,0.206883250050022,0.266204401567682,5298,19902
97,91.9977678571429,115.032087053571,66.34765625,0.117620685972062,0.561562814247427,0.194866738622985,93.4744273236586,0.174406562427302,0.169717812164064,0.180191050779286,3584,19890
98,86.092176446109,109.498959633791,61.1766541822722,0.126778941438848,0.541818455734235,0.207383829379854,88.0458302231507,0.183592196835285,0.180585749924325,0.241434743293479,4806,19906
99,92.6997003917953,112.685872320811,65.145194745333,0.102880783520433,0.565992879844388,0.184522814441412,92.4322200240043,0.183587286431738,0.148355809352334,0.218073076343167,4339,19897
